<?xml version="1.0" encoding="UTF-8"?>
<workflow-app xmlns="uri:oozie:workflow:0.2" name="case_study_practice">
    <start to="Sqoop_Branch"/>   
 

    <action name="Sqoop_Branch">
        <sqoop xmlns="uri:oozie:sqoop-action:0.2">
            <job-tracker>${jobTracker}</job-tracker>
            <name-node>${nameNode}</name-node>  
            
			<prepare>
				<delete path="/Credit_Card_System/"/>
			</prepare>
			
            <configuration>
                <property>
		<name>mapred.job.queue.name</name>
                    <value>${queueName}</value>
                </property>
            </configuration>
            
	    <arg>import</arg>
	    <arg>--connect</arg>
	    <arg>jdbc:mysql://localhost/CDW_SAPP</arg>
	    <arg>--driver</arg>
	    <arg>com.mysql.jdbc.Driver</arg>
	    <arg>--query</arg>
	    <arg>"SELECT BRANCH_CODE, BRANCH_NAME, BRANCH_STREET, BRANCH_CITY, BRANCH_STATE, 
		CASE WHEN BRANCH_ZIP IS NULL THEN 0 ELSE BRANCH_ZIP END AS 'BRANCH_ZIP', 
		CONCAT('(', SUBSTRING(CONVERT(BRANCH_PHONE, char), 1, 3), ')', 
		SUBSTRING(CONVERT(BRANCH_PHONE, char), 4, 3), '-', 
		SUBSTRING(CONVERT(BRANCH_PHONE, char), 7, 4)) AS 'BRANCH_PHONE', 
		LAST_UPDATED FROM CDW_SAPP_BRANCH WHERE $CONDITIONS;"</arg>
	    <arg>-m</arg>
	    <arg>1</arg>
	    <arg>--target-dir</arg>
	    <arg>/Credit_Card_System/CDW_SAPP_BRANCH.txt</arg>
        </sqoop>

        <ok to="Sqoop_Card"/> 
        <error to="Sqoop_fail"/>
    </action>
  

    <action name="Sqoop_Card">
        <sqoop xmlns="uri:oozie:sqoop-action:0.2">
            <job-tracker>${jobTracker}</job-tracker>
            <name-node>${nameNode}</name-node>  
            
            <configuration>
                <property>
		<name>mapred.job.queue.name</name>
                    <value>${queueName}</value>
                </property>
            </configuration>
            
	    <arg>import</arg>
	    <arg>--connect</arg>
	    <arg>jdbc:mysql://localhost/CDW_SAPP</arg>
	    <arg>--driver</arg>
	    <arg>com.mysql.jdbc.Driver</arg>
	    <arg>--query</arg>
	    <arg>"SELECT TRANSACTION_ID, CONCAT(CONVERT(YEAR, char), 
		CASE WHEN LENGTH(CONVERT(MONTH, char)) = 1 THEN CONCAT('0', CONVERT(MONTH, char)) 
		ELSE CONVERT(MONTH, char) END, 
		CASE WHEN LENGTH(CONVERT(DAY, char)) = 1 THEN CONCAT('0', CONVERT(DAY, char)) 
		ELSE CONVERT(DAY, char) END) AS 'TIMEID', 
		CREDIT_CARD_NO AS 'CUST_CC_NO', CUST_SSN, BRANCH_CODE, TRANSACTION_TYPE, TRANSACTION_VALUE 
		FROM CDW_SAPP_CREDITCARD WHERE $CONDITIONS;"</arg>
	    <arg>-m</arg>
	    <arg>1</arg>
	    <arg>--target-dir</arg>
	    <arg>/Credit_Card_System/CDW_SAPP_CREDITCARD.txt</arg>
        </sqoop>

        <ok to="Sqoop_Customer"/> 
        <error to="Sqoop_fail"/>
    </action>


    <action name="Sqoop_Customer">
        <sqoop xmlns="uri:oozie:sqoop-action:0.2">
            <job-tracker>${jobTracker}</job-tracker>
            <name-node>${nameNode}</name-node>  
            
            <configuration>
                <property>
		<name>mapred.job.queue.name</name>
                    <value>${queueName}</value>
                </property>
            </configuration>
            <arg>import</arg>
	    <arg>--connect</arg>
	    <arg>jdbc:mysql://localhost/CDW_SAPP</arg>
	    <arg>--driver</arg>
	    <arg>com.mysql.jdbc.Driver</arg>
	    <arg>--query</arg>
	    <arg>"SELECT SSN, CONCAT(UCASE(SUBSTRING(FIRST_NAME, 1, 1)), SUBSTRING(FIRST_NAME, 2)) AS 'FIRST_NAME', 
		LCASE(MIDDLE_NAME) AS 'MIDDLE_NAME', 
		CONCAT(UCASE(SUBSTRING(LAST_NAME, 1, 1)), SUBSTRING(LAST_NAME, 2)) AS 'LAST_NAME', 
		CREDIT_CARD_NO, CONCAT(APT_NO, ' ', STREET_NAME) AS 'STREET_ADDRESS', 
		CUST_CITY, CUST_STATE, CUST_COUNTRY, CONVERT(CUST_ZIP, UNSIGNED) AS 'CUST_ZIP', 
		CONCAT(SUBSTRING(CONVERT(CUST_PHONE, char),1, 3), '-', 
		SUBSTRING(CONVERT(CUST_PHONE, char), 4, 4)) AS 'CUST_PHONE', CUST_EMAIL, LAST_UPDATED 
		FROM CDW_SAPP_CUSTOMER WHERE $CONDITIONS;"</arg>
	    <arg>-m</arg>
	    <arg>1</arg>
	    <arg>--target-dir</arg>
	    <arg>/Credit_Card_System/CDW_SAPP_CUSTOMER.txt</arg>
        </sqoop>

        <ok to="Sqoop_Time"/> 
        <error to="Sqoop_fail"/>
    </action>


    <action name="Sqoop_Time">
        <sqoop xmlns="uri:oozie:sqoop-action:0.2">
            <job-tracker>${jobTracker}</job-tracker>
            <name-node>${nameNode}</name-node>  
            
            <configuration>
                <property>
		<name>mapred.job.queue.name</name>
                    <value>${queueName}</value>
                </property>
            </configuration>
            <arg>import</arg>
	    <arg>--connect</arg>
	    <arg>jdbc:mysql://localhost/CDW_SAPP</arg>
	    <arg>--driver</arg>
	    <arg>com.mysql.jdbc.Driver</arg>
	    <arg>--query</arg>
	    <arg>"SELECT TRANSACTION_ID,
		CONCAT(CONVERT(YEAR, char), CASE WHEN LENGTH(CONVERT(MONTH, char)) = 1 
		THEN CONCAT('0', CONVERT(MONTH, char)) ELSE CONVERT(MONTH, char) END, 
		CASE WHEN LENGTH(CONVERT(DAY, char)) = 1 THEN CONCAT('0', CONVERT(DAY, char)) 
		ELSE CONVERT(DAY, char) END) AS 'TIMEID', DAY, MONTH, 
		CASE WHEN MONTH = 1 OR MONTH = 2 OR MONTH = 3 THEN 'Q1' 
		WHEN MONTH = 4 OR MONTH = 5 OR MONTH = 6 THEN 'Q2' 
		WHEN MONTH = 7 OR MONTH = 8 OR MONTH = 9 THEN 'Q3' 
		WHEN MONTH = 10 OR MONTH = 11 OR MONTH = 12 THEN 'Q4' END AS 'QUARTER', YEAR 
		FROM CDW_SAPP_CREDITCARD WHERE $CONDITIONS;"</arg>
	    <arg>-m</arg>
	    <arg>1</arg>
	    <arg>--target-dir</arg>
	    <arg>/Credit_Card_System/CDW_SAPP_TIME.txt</arg>
        </sqoop>

        <ok to="Branch_External"/> 
        <error to="Sqoop_fail"/>
    </action>


    <action name="Branch_External">
        <hive xmlns="uri:oozie:hive-action:0.2">
            <job-tracker>${jobTracker}</job-tracker>
            <name-node>${nameNode}</name-node>
            
            <configuration>
                <property>
                    <name>mapred.job.queue.name</name>
                    <value>${queueName}</value>
                </property>
            </configuration>
            <script>Hive_branch_external.hive</script>
        </hive>

        <ok to="Branch_Internal"/>
        <error to="Hive_fail"/>
    </action>
 

    <action name="Branch_Internal">
        <hive xmlns="uri:oozie:hive-action:0.2">
            <job-tracker>${jobTracker}</job-tracker>
            <name-node>${nameNode}</name-node>
            
            <configuration>
                <property>
                    <name>mapred.job.queue.name</name>
                    <value>${queueName}</value>
                </property>
            </configuration>
            <script>Hive_branch.hive</script>
        </hive>

        <ok to="Card_External"/>
        <error to="Hive_fail"/>
    </action>


    <action name="Card_External">
        <hive xmlns="uri:oozie:hive-action:0.2">
            <job-tracker>${jobTracker}</job-tracker>
            <name-node>${nameNode}</name-node>
            
            <configuration>
                <property>
                    <name>mapred.job.queue.name</name>
                    <value>${queueName}</value>
                </property>
            </configuration>
            <script>Hive_card_external.hive</script>
        </hive>

        <ok to="Card_Internal"/>
        <error to="Hive_fail"/>
    </action>


    <action name="Card_Internal">
        <hive xmlns="uri:oozie:hive-action:0.2">
            <job-tracker>${jobTracker}</job-tracker>
            <name-node>${nameNode}</name-node>
            
            <configuration>
                <property>
                    <name>mapred.job.queue.name</name>
                    <value>${queueName}</value>
                </property>
            </configuration>
            <script>Hive_card.hive</script>
        </hive>

        <ok to="Customer_External"/>
        <error to="Hive_fail"/>
    </action>


    <action name="Customer_External">
        <hive xmlns="uri:oozie:hive-action:0.2">
            <job-tracker>${jobTracker}</job-tracker>
            <name-node>${nameNode}</name-node>
            
            <configuration>
                <property>
                    <name>mapred.job.queue.name</name>
                    <value>${queueName}</value>
                </property>
            </configuration>
            <script>Hive_customer_external.hive</script>
        </hive>

        <ok to="Customer_Internal"/>
        <error to="Hive_fail"/>
    </action>


    <action name="Customer_Internal">
        <hive xmlns="uri:oozie:hive-action:0.2">
            <job-tracker>${jobTracker}</job-tracker>
            <name-node>${nameNode}</name-node>
            
            <configuration>
                <property>
                    <name>mapred.job.queue.name</name>
                    <value>${queueName}</value>
                </property>
            </configuration>
            <script>Hive_customer.hive</script>
        </hive>

        <ok to="Time_External"/>
        <error to="Hive_fail"/>
    </action>


    <action name="Time_External">
        <hive xmlns="uri:oozie:hive-action:0.2">
            <job-tracker>${jobTracker}</job-tracker>
            <name-node>${nameNode}</name-node>
            
            <configuration>
                <property>
                    <name>mapred.job.queue.name</name>
                    <value>${queueName}</value>
                </property>
            </configuration>
            <script>Hive_time_external.hive</script>
        </hive>

        <ok to="Time_Internal"/>
        <error to="Hive_fail"/>
    </action>


    <action name="Time_Internal">
        <hive xmlns="uri:oozie:hive-action:0.2">
            <job-tracker>${jobTracker}</job-tracker>
            <name-node>${nameNode}</name-node>
            
            <configuration>
                <property>
                    <name>mapred.job.queue.name</name>
                    <value>${queueName}</value>
                </property>
            </configuration>
            <script>Hive_time.hive</script>
        </hive>

        <ok to="end"/>
        <error to="Hive_fail"/>
    </action>


    <kill name="Sqoop_fail">
        <message>Sqoop failed, error message[${wf:errorMessage(wf:lastErrorNode())}]</message>
    </kill>


    <kill name="Hive_fail">
	<message>Hive failed</message>
    </kill>


    <end name="end"/>
</workflow-app>