<coordinator-app xmlns="uri:oozie:coordinator:0.2" name="case_study_coordinator_optimized" 
frequency="0/20 8-18 ? * 2-6" start="2018-12-19T19:00Z" end="2025-03-29T18:00Z" timezone="America/New_York">

	<controls>
		<timeout>1</timeout>
		<concurrency>1</concurrency>
		<execution>FIFO</execution>
		<throttle>1</throttle>
	</controls>
	
	<action>
		<workflow>
			<app-path>${nameNode}/user/maria_dev/case_study_oozie_optimized/workflowoptimized.xml</app-path>
		</workflow>
	</action>
</coordinator-app>